[
  {
    "id": "b53bf230-7d6b-414a-8b53-7ccd2a0f384e",
    "data": [
      {
        "text": "a ",
        "userDefined": false
      },
      {
        "text": "blue",
        "alias": "Filter_Color",
        "meta": "@Filter_Color",
        "userDefined": false
      },
      {
        "text": " one",
        "userDefined": false
      }
    ],
    "isTemplate": false,
    "count": 0,
    "updated": 0
  },
  {
    "id": "f0feeb76-20a6-45b0-80d4-bfc87e152d56",
    "data": [
      {
        "text": "a ",
        "userDefined": false
      },
      {
        "text": "blue",
        "alias": "Filter_Color",
        "meta": "@Filter_Color",
        "userDefined": false
      },
      {
        "text": " one",
        "userDefined": false
      }
    ],
    "isTemplate": false,
    "count": 0,
    "updated": 0
  },
  {
    "id": "64473978-aa96-483a-a196-a0868d2fe917",
    "data": [
      {
        "text": "medium",
        "alias": "Specification",
        "meta": "@Specification",
        "userDefined": false
      }
    ],
    "isTemplate": false,
    "count": 0
  },
  {
    "id": "8a6d40f7-7afe-4add-8cb4-5d30b57e7331",
    "data": [
      {
        "text": "I want the most ",
        "userDefined": false
      },
      {
        "text": "expensive",
        "alias": "Search_Filter",
        "meta": "@Search_Filter",
        "userDefined": true
      },
      {
        "text": " one",
        "userDefined": false
      }
    ],
    "isTemplate": false,
    "count": 0
  },
  {
    "id": "bdc63dfc-deea-4d98-ba20-1679c3a403d5",
    "data": [
      {
        "text": "medium",
        "alias": "Specification",
        "meta": "@Specification",
        "userDefined": false
      }
    ],
    "isTemplate": false,
    "count": 0,
    "updated": 0
  },
  {
    "id": "8b7a86a0-5b88-43cf-b876-a128be9de31d",
    "data": [
      {
        "text": "blue",
        "alias": "Filter_Color",
        "meta": "@Filter_Color",
        "userDefined": false
      }
    ],
    "isTemplate": false,
    "count": 0
  },
  {
    "id": "8ed98784-b23c-4235-9749-68500e390ac6",
    "data": [
      {
        "text": "I want the ",
        "userDefined": false
      },
      {
        "text": "highest rated",
        "alias": "Search_Filter",
        "meta": "@Search_Filter",
        "userDefined": true
      },
      {
        "text": " ",
        "userDefined": false
      },
      {
        "text": "one",
        "alias": "number",
        "meta": "@sys.number",
        "userDefined": false
      }
    ],
    "isTemplate": false,
    "count": 0
  },
  {
    "id": "5954109d-8a67-4ead-9b72-f94982f1eaf3",
    "data": [
      {
        "text": "a ",
        "userDefined": false
      },
      {
        "text": "blue",
        "alias": "Filter_Color",
        "meta": "@Filter_Color",
        "userDefined": false
      },
      {
        "text": " one",
        "userDefined": false
      }
    ],
    "isTemplate": false,
    "count": 0,
    "updated": 0
  },
  {
    "id": "73b75516-290d-4351-bd6d-d8beaa6d5cee",
    "data": [
      {
        "text": "lowest to highest",
        "alias": "Search_Filter",
        "meta": "@Search_Filter",
        "userDefined": false
      }
    ],
    "isTemplate": false,
    "count": 0
  },
  {
    "id": "fe2bf321-7e6c-4b11-bf63-cfcfa9f30aa2",
    "data": [
      {
        "text": "highest to lowest",
        "alias": "Search_Filter",
        "meta": "@Search_Filter",
        "userDefined": false
      }
    ],
    "isTemplate": false,
    "count": 1
  },
  {
    "id": "4ad31163-5973-48a0-94f4-3ddcb10507ca",
    "data": [
      {
        "text": "filter ",
        "userDefined": false
      },
      {
        "text": "high to low",
        "alias": "Search_Filter",
        "meta": "@Search_Filter",
        "userDefined": false
      }
    ],
    "isTemplate": false,
    "count": 0
  },
  {
    "id": "1167b200-0994-4bc9-b412-528354e7b293",
    "data": [
      {
        "text": "I want the ",
        "userDefined": false
      },
      {
        "text": "cheapest",
        "alias": "Search_Filter",
        "meta": "@Search_Filter",
        "userDefined": true
      },
      {
        "text": " one",
        "userDefined": false
      }
    ],
    "isTemplate": false,
    "count": 0
  },
  {
    "id": "fb112fff-c59c-45da-87a0-d45cca5f6c6c",
    "data": [
      {
        "text": "large",
        "alias": "Specification",
        "meta": "@Specification",
        "userDefined": false
      }
    ],
    "isTemplate": false,
    "count": 0,
    "updated": 0
  }
]