[
  {
    "value": "white",
    "synonyms": [
      "white"
    ]
  },
  {
    "value": "purple",
    "synonyms": [
      "purple"
    ]
  },
  {
    "value": "blue",
    "synonyms": [
      "blue",
      "azul",
      "navy"
    ]
  },
  {
    "value": "red",
    "synonyms": [
      "red"
    ]
  },
  {
    "value": "orange",
    "synonyms": [
      "orange"
    ]
  },
  {
    "value": "green",
    "synonyms": [
      "green"
    ]
  },
  {
    "value": "yellow",
    "synonyms": [
      "yellow"
    ]
  },
  {
    "value": "black",
    "synonyms": [
      "black"
    ]
  }
]