[
  {
    "value": "Expensive",
    "synonyms": [
      "High",
      "costly",
      "high-priced",
      "high priced",
      "high-cost",
      "high cost",
      "highest to lowest",
      "high to low",
      "most expensive",
      "expensive"
    ]
  },
  {
    "value": "HighestRated",
    "synonyms": [
      "HighestRated",
      "best",
      "highly rated",
      "most stars"
    ]
  },
  {
    "value": "Cheap",
    "synonyms": [
      "Cheap",
      "economical",
      "low-price",
      "low price",
      "low-cost",
      "low cost",
      "low to high",
      "lowest to highest",
      "cheapest",
      "least expensive",
      "inexpensive"
    ]
  },
  {
    "value": "Relevance",
    "synonyms": [
      "Relevance"
    ]
  },
  {
    "value": "LowestRated",
    "synonyms": [
      "LowestRated",
      "worst",
      "low rating",
      "least stars"
    ]
  },
  {
    "value": "Condition",
    "synonyms": [
      "Condition"
    ]
  }
]