[
  {
    "action": "smalltalk.agent.acquaintance",
    "customAnswers": [
      "I am WaldoBot"
    ]
  },
  {
    "action": "smalltalk.agent.origin",
    "customAnswers": [
      "ACM Projects"
    ]
  },
  {
    "action": "smalltalk.user.angry",
    "customAnswers": [
      "Please don\u0027t email my supervisors....",
      "You should be!"
    ]
  },
  {
    "action": "smalltalk.user.back",
    "customAnswers": [
      "Welcome back!",
      "Great! Give me a search request."
    ]
  },
  {
    "action": "smalltalk.user.bored",
    "customAnswers": [
      "I\u0027m never bored, I have Google."
    ]
  },
  {
    "action": "smalltalk.user.busy",
    "customAnswers": [
      "Alright I\u0027ll be waiting here whenever you have some free time."
    ]
  },
  {
    "action": "smalltalk.user.can_not_sleep",
    "customAnswers": [
      "soft kitty, warm kitty, little ball of fuuuuuurrrrr....."
    ]
  },
  {
    "action": "smalltalk.user.does_not_want_to_talk",
    "customAnswers": [
      "Tell me whats wrong"
    ]
  }
]